ResinID,FittedParams_1,FittedParams_2,FittedParams_3,TotalError,MeanOnset_s,Amax_mean
R1,29.643196683249,1.89534353317098,2.60877629843413,0.36259720987857,17.3933333333333,0.839204661788787
R2,3.90518176469636,0.555186192553258,2.27169189570593,0.131224521598754,17.2766666666667,0.538470591129932
R3,4.15209206714739,1.15266651910755,2.15816718721219,0.209343010460017,18.6266666666667,0.799463684285812
R4,3.28467834609234,0.300000326005121,2.81349006567967,0.0751107798906275,19.3885714285714,0.456125582371186
R5,7.19312983292286,1.2635059504761,2.40902297366971,0.484092240273768,19.6044444444444,0.797753279656984
R6,3.32134963863191,0.300000175221438,2.76216506000127,0.0829864046530932,18.2225,0.499035693522168
